,RL_no_season,RL_no_season_24,RL_poisson_no_season,RL_no_season_poisson_lead_time,RL_poisson_no_season_poisson_lead_time
0,105783.66666666664,24808.333333333336,98062.33333333333,99154.33333333334,102116.0
1,103935.00000000001,23412.333333333336,101071.66666666664,94206.66666666667,92265.66666666666
2,105677.66666666664,22988.333333333347,91494.33333333334,97794.0,94363.00000000004
3,97120.33333333331,22436.66666666667,100707.33333333339,93080.33333333333,106426.33333333336
4,105749.33333333331,23803.000000000007,101467.33333333333,93589.33333333334,96959.99999999999
5,108067.0,24120.666666666668,99129.66666666669,82176.33333333334,102485.66666666669
6,97555.33333333337,23955.333333333336,106103.00000000001,103584.33333333337,98617.99999999997
7,105854.33333333336,22415.00000000001,102583.33333333334,101075.33333333333,110640.6666666667
8,107455.66666666663,22432.333333333336,101746.66666666666,99952.66666666669,93067.00000000004
9,109360.6666666667,23651.33333333334,97896.33333333331,87963.33333333334,95494.0
10,104099.33333333331,24169.000000000004,97298.0,100064.33333333334,88639.66666666666
11,102586.0,21240.33333333334,100244.66666666667,89832.66666666669,94515.33333333334
12,108347.33333333336,24066.33333333334,106750.00000000001,99699.0,96459.00000000001
13,104522.33333333333,24139.333333333336,105679.00000000006,105597.66666666664,101453.66666666664
14,106484.0,21486.333333333343,104657.33333333333,102851.33333333343,102950.66666666669
15,104191.33333333334,25537.33333333334,106180.33333333333,102449.33333333331,111410.00000000001
16,108183.33333333333,22075.0,98971.99999999999,104199.33333333334,75108.00000000001
17,94072.0,21846.000000000004,108173.66666666666,81528.6666666667,81319.33333333336
18,105599.33333333337,23213.666666666668,102074.0,87728.33333333337,96904.33333333333
19,104098.00000000001,22775.000000000004,100929.00000000003,97238.33333333333,81485.33333333334
20,106515.33333333331,22450.333333333332,108761.66666666672,101350.66666666669,91297.0
21,108011.0,22419.333333333336,104483.66666666664,105234.33333333336,104094.00000000001
22,104467.0,21800.000000000004,105527.99999999999,90084.99999999997,86890.00000000006
23,97796.00000000003,21873.000000000004,99021.66666666667,91643.33333333336,87272.99999999999
24,101433.66666666669,23636.000000000007,102940.33333333334,99740.0,98336.66666666666
25,107133.6666666667,24398.0,102804.66666666669,108253.66666666666,105213.33333333333
26,108364.66666666667,25479.666666666675,108155.66666666672,105922.0,97504.6666666667
27,105845.33333333333,21363.66666666667,99136.33333333333,101394.99999999999,102134.66666666669
28,105172.66666666666,21952.666666666668,107055.66666666667,105077.66666666669,101323.00000000001
29,104304.66666666664,22186.66666666667,104508.66666666669,95146.00000000001,96810.99999999997
30,104719.66666666667,24862.000000000004,102530.66666666667,94063.00000000001,63577.6666666667
31,105269.33333333331,25191.333333333332,107006.33333333333,95149.66666666664,102420.66666666663
32,106031.33333333336,20125.66666666667,94360.33333333339,102313.66666666667,96054.33333333336
33,76319.33333333334,22534.333333333336,106143.99999999997,97807.33333333333,107232.00000000006
34,106622.99999999996,23616.66666666668,93215.66666666669,107036.33333333333,93216.0
35,106948.66666666669,22285.33333333334,93823.66666666664,100666.99999999994,103401.6666666667
36,103486.99999999999,23009.333333333343,105427.6666666667,98836.66666666664,86173.66666666672
37,106419.6666666667,22642.666666666668,100720.00000000006,75913.00000000004,97487.66666666667
38,105554.99999999997,21496.66666666667,92374.33333333333,93767.6666666667,101204.66666666669
39,106543.33333333336,23665.666666666675,110647.33333333331,91553.33333333334,107151.00000000001
40,92517.6666666667,24255.666666666675,103962.66666666664,90098.00000000001,85355.33333333334
41,100475.33333333337,22560.33333333334,99269.33333333334,103178.00000000003,93957.33333333334
42,107677.66666666666,22945.000000000004,106244.0,100270.66666666666,90672.33333333333
43,109688.66666666664,23305.666666666675,99355.00000000001,101969.33333333334,101764.33333333337
44,104305.99999999999,23310.66666666667,104235.00000000001,103727.00000000003,63410.00000000004
45,102470.33333333333,23016.666666666668,107079.00000000001,95906.33333333334,97654.33333333339
46,102806.33333333336,23403.000000000007,104685.66666666664,87779.0,104875.00000000003
47,104348.33333333334,22505.000000000007,96607.00000000001,100456.33333333333,96832.0
48,104234.00000000001,25102.666666666675,101552.66666666666,102399.66666666664,96152.00000000001
49,94154.33333333336,22183.00000000001,96369.33333333336,103528.66666666664,72895.0
50,107445.66666666669,23852.666666666668,110202.66666666669,97510.00000000004,103706.6666666667
51,108293.66666666667,22507.33333333334,112099.66666666669,101104.33333333339,100486.99999999997
52,108571.99999999999,25010.000000000007,105845.33333333334,101742.33333333334,86116.00000000006
53,104818.00000000001,21980.333333333343,100596.99999999999,92760.66666666669,101240.66666666664
54,101112.3333333333,22617.666666666664,101679.6666666667,75658.0,90688.3333333334
55,107094.99999999994,21605.666666666675,100979.00000000001,104035.33333333334,94698.99999999996
56,101707.00000000003,22934.000000000007,103399.66666666669,90440.66666666666,97103.33333333336
57,109719.0,22688.000000000004,102371.33333333334,101657.66666666669,87057.00000000001
58,106639.66666666669,24539.33333333334,93204.33333333337,104229.33333333334,98474.66666666667
59,102182.66666666672,23057.666666666668,98672.66666666669,97639.00000000004,89973.33333333337
60,102792.0,23185.333333333343,92652.66666666672,103797.33333333336,92140.66666666666
61,109342.99999999997,23628.0,100420.33333333334,97636.99999999999,95385.6666666667
62,110835.00000000001,23235.333333333336,108335.3333333333,82665.66666666669,97648.0
63,102605.66666666672,24325.000000000007,103954.66666666673,69079.66666666667,79359.33333333336
64,108369.33333333337,22246.33333333334,104169.00000000001,69395.0,106059.66666666666
65,104442.3333333333,23403.66666666668,100666.33333333333,103570.99999999997,94804.0
66,107702.66666666663,24182.33333333334,108322.00000000001,103620.33333333333,66930.00000000004
67,105064.99999999999,22231.666666666675,97893.33333333333,100559.0,104075.66666666669
68,100015.00000000001,20811.666666666675,103425.33333333342,97063.6666666667,99072.00000000001
69,108168.66666666669,21437.333333333336,108467.66666666666,98899.66666666667,88529.99999999997
70,104012.99999999994,23250.333333333336,92463.33333333339,70644.66666666669,103575.0000000001
71,106062.33333333336,22099.00000000001,92369.33333333337,90520.33333333334,75283.00000000003
72,108250.0,23711.000000000004,100807.66666666667,98770.66666666669,97935.66666666661
73,105923.33333333333,22833.00000000001,85353.3333333333,91112.33333333337,78156.33333333333
74,107338.00000000003,21328.000000000004,104162.6666666666,79610.66666666666,87840.33333333333
75,110579.33333333334,23792.66666666667,88814.0,96256.66666666672,102825.00000000001
76,107174.33333333337,22829.666666666668,102374.99999999997,73217.33333333337,92924.00000000004
77,104533.33333333333,24168.33333333334,101100.66666666664,104716.33333333334,100941.66666666667
78,103033.0,23703.333333333343,102509.0,104524.00000000001,101284.66666666672
79,105847.33333333334,22790.333333333343,84111.99999999999,106307.66666666664,94520.66666666666
80,107366.66666666669,24492.000000000004,90911.66666666664,99805.66666666667,102938.66666666664
81,99286.0,21636.0,98269.66666666672,74444.00000000003,93930.00000000003
82,107004.66666666672,23972.66666666667,105311.00000000004,98904.00000000001,98857.66666666669
83,105462.66666666667,23328.333333333343,111126.66666666667,94178.99999999996,90244.66666666666
84,100554.6666666667,22666.00000000001,101788.33333333337,92630.99999999997,97022.66666666666
85,106169.66666666667,21284.333333333343,97909.66666666666,90604.33333333333,71977.66666666669
86,102789.66666666667,23443.66666666667,100988.00000000004,89596.33333333336,98956.33333333336
87,104915.99999999997,23160.333333333336,103505.6666666667,96603.33333333337,93418.00000000003
88,107399.33333333333,24390.000000000007,98674.6666666667,94211.33333333333,104236.33333333336
89,105184.33333333339,23975.000000000004,110243.33333333328,100693.66666666669,99173.3333333333
90,108301.3333333333,23322.666666666675,95733.66666666666,105325.0,99437.66666666669
91,105306.6666666666,22252.000000000007,101256.66666666672,84905.66666666666,92098.0
92,99111.33333333339,23187.666666666675,102362.33333333334,98783.66666666669,102371.00000000004
93,103824.66666666666,24014.33333333334,98215.66666666669,105681.66666666667,100923.33333333336
94,105734.66666666666,24131.333333333343,100402.33333333334,98437.66666666666,80723.00000000001
95,110665.00000000004,22274.000000000004,91956.0,97583.66666666666,99831.0
96,103585.33333333333,23755.33333333334,102076.66666666669,102962.33333333333,108010.66666666669
97,103297.33333333337,22333.000000000007,102761.66666666666,103571.33333333333,102357.3333333334
98,108170.0,20711.66666666667,99428.33333333334,89947.00000000001,98782.66666666664
99,101655.66666666667,22309.333333333332,101034.00000000003,99239.33333333337,94056.0
100,108505.33333333333,22811.000000000007,101344.0,81458.00000000004,98658.66666666663
101,104911.33333333339,22159.333333333343,101335.6666666667,90705.33333333334,96531.66666666669
102,106741.99999999996,20805.000000000007,105158.33333333331,100260.0,97239.0
103,97220.33333333334,22437.666666666675,103641.66666666669,102683.99999999999,84181.99999999999
104,109411.00000000004,22494.333333333343,103198.00000000001,98105.66666666666,98875.00000000001
105,106925.00000000001,23805.66666666667,104434.33333333331,100059.66666666663,101660.33333333337
106,107887.00000000001,21814.66666666667,103266.33333333334,95939.33333333336,81275.99999999999
107,102790.33333333333,23715.000000000004,97581.00000000001,105614.33333333334,105528.00000000003
108,85167.00000000004,22906.0,103853.66666666669,97958.0,102163.33333333336
109,102757.0,22350.000000000007,104383.33333333331,96789.66666666666,97093.33333333336
110,108212.00000000001,22194.666666666668,101681.33333333333,102366.6666666667,90456.66666666667
111,107566.99999999999,20938.000000000007,105015.0,96767.33333333331,102075.6666666667
112,107824.66666666666,21970.000000000004,100024.33333333334,103752.33333333331,99180.33333333337
113,106535.33333333339,22497.333333333343,110639.33333333336,97334.33333333333,103154.3333333333
114,108778.33333333331,23896.000000000004,101344.00000000003,103722.6666666667,80018.00000000003
115,95523.66666666673,24118.000000000004,99810.66666666667,88972.0,92659.33333333336
116,100022.6666666667,24037.666666666675,92799.6666666667,98002.33333333334,86477.66666666669
117,107274.66666666667,23503.33333333334,86620.00000000001,97917.3333333333,97683.33333333333
118,105002.99999999997,25258.000000000007,101692.66666666664,104932.6666666667,90133.33333333336
119,100901.66666666667,21931.000000000004,110710.33333333333,103792.33333333334,87087.66666666663
120,101693.00000000004,21911.33333333334,108444.00000000004,103134.33333333336,105171.33333333333
121,103609.6666666667,22052.333333333336,103634.00000000003,85190.33333333339,52509.6666666667
122,105932.33333333334,23701.000000000007,94445.00000000003,102620.3333333333,87601.33333333336
123,107222.99999999999,22987.000000000004,102689.3333333333,99273.66666666669,97571.66666666664
124,104222.99999999994,24931.66666666667,95469.6666666667,107360.33333333334,99423.99999999999
125,94789.33333333331,24367.333333333336,94273.33333333334,105520.0,97678.33333333337
126,104985.33333333339,20392.33333333334,100023.33333333339,102214.66666666666,106451.33333333337
127,99530.33333333333,22971.33333333334,95024.6666666667,96995.66666666666,102294.66666666663
128,102775.33333333334,21437.000000000007,101474.33333333334,106564.00000000004,96673.33333333339
129,106483.66666666664,23782.333333333332,107732.66666666667,105374.0,90738.66666666669
130,101917.66666666669,21928.66666666667,97634.00000000004,88184.6666666667,89481.00000000001
131,102076.99999999999,23563.333333333336,97124.33333333334,70311.33333333334,98908.33333333334
132,105237.33333333336,23386.66666666668,102524.33333333334,96397.0,104524.99999999999
133,107121.99999999999,24334.000000000007,97384.66666666669,104838.33333333334,89857.66666666666
134,106174.33333333336,22355.0,99001.6666666667,97555.33333333333,102914.0
135,105041.0,22609.333333333336,102940.6666666667,98080.99999999999,90227.33333333336
136,108222.6666666667,22155.666666666675,102116.3333333333,103082.66666666661,101126.66666666663
137,99420.00000000001,25749.33333333334,104597.00000000003,95906.66666666666,98416.66666666669
138,105440.33333333331,21435.000000000004,102528.66666666666,107363.00000000003,86282.0
139,83779.00000000001,23365.000000000004,99296.66666666667,104652.66666666667,98607.0
140,98505.66666666669,21438.000000000004,97276.0,92936.66666666664,100837.33333333331
141,108486.33333333334,22821.000000000004,105520.66666666672,108095.99999999997,97572.33333333333
142,108005.33333333337,22149.333333333347,103628.33333333339,98557.66666666669,81043.6666666667
143,108660.6666666666,23306.66666666667,107752.33333333328,102473.00000000001,92845.00000000003
144,100673.33333333333,23134.66666666667,101901.66666666666,105343.33333333331,99484.00000000003
145,107874.33333333333,22801.666666666668,102152.66666666666,96196.33333333334,102478.66666666664
146,105033.33333333337,23082.33333333334,101728.66666666669,100001.33333333333,97451.66666666667
147,102139.66666666669,24185.33333333334,108362.00000000006,98936.33333333334,97230.33333333339
148,106286.66666666663,22797.333333333336,109803.33333333331,104640.33333333333,80799.33333333333
149,105624.33333333339,22158.000000000015,112838.66666666664,93280.33333333333,100929.33333333339
150,110034.66666666667,22484.333333333336,99904.66666666664,103286.0,92852.66666666669
151,100358.00000000001,21630.000000000004,99228.0,100830.66666666667,74263.33333333334
152,105161.33333333331,22407.000000000007,106615.0,100529.6666666667,96741.33333333337
153,100753.33333333334,20619.000000000007,101441.33333333334,70200.33333333336,93836.66666666672
154,109640.99999999994,24151.000000000004,94923.0,105554.33333333336,84465.6666666667
155,102163.66666666672,23250.66666666667,97606.3333333333,103533.00000000004,94645.66666666667
156,106443.66666666672,23576.00000000001,99152.00000000004,102311.66666666666,98289.33333333331
157,105863.33333333331,22693.000000000004,107360.0,88521.00000000003,76339.00000000001
158,104740.00000000001,23186.33333333334,105544.66666666667,98473.99999999999,99861.0
159,109747.33333333337,19960.333333333336,98854.33333333333,97758.66666666667,84664.66666666666
160,99962.66666666667,22067.666666666668,102443.6666666667,104439.66666666664,53338.00000000003
161,99477.66666666666,23166.333333333336,107569.3333333333,106126.33333333333,96173.33333333334
162,109316.33333333337,24206.333333333336,109224.3333333334,98535.00000000004,95773.66666666669
163,105290.66666666672,23424.000000000004,105473.33333333333,94884.33333333334,90241.00000000006
164,108763.33333333334,24456.000000000007,92055.33333333334,101899.66666666669,109564.33333333339
165,104082.99999999999,22104.333333333343,94737.66666666667,70540.33333333334,106861.00000000001
166,107878.33333333334,23328.00000000001,104865.6666666667,96579.00000000001,91424.33333333336
167,103842.0,23982.333333333336,101639.66666666664,97872.66666666672,101898.0
168,103819.6666666667,23359.33333333334,102753.00000000003,104348.33333333331,90074.6666666667
169,104518.6666666667,23583.66666666667,84544.66666666669,87875.99999999999,103490.0
170,102539.33333333336,23247.000000000004,100777.66666666666,98039.33333333334,95408.6666666667
171,108650.00000000004,21090.0,103256.66666666664,106164.66666666669,101262.00000000003
172,107728.3333333333,23598.33333333334,105912.33333333333,104050.6666666667,99423.00000000003
173,98143.33333333334,24085.666666666668,108972.33333333337,79447.33333333331,98238.6666666667
174,105850.66666666667,24381.333333333336,102099.00000000001,93653.33333333334,98336.33333333333
175,107490.99999999997,23933.333333333343,91394.00000000003,101777.33333333334,98062.66666666674
176,109870.33333333334,23677.000000000004,102966.00000000001,88227.66666666669,92681.00000000003
177,105426.33333333334,23799.000000000004,106015.33333333334,106011.99999999999,98535.99999999999
178,102800.66666666672,24311.333333333343,103898.66666666669,94081.99999999999,80536.66666666666
179,106823.00000000003,23794.666666666675,103692.33333333333,91901.66666666667,80632.33333333336
180,103732.00000000003,25350.000000000007,91707.66666666669,93167.00000000001,103993.33333333336
181,94389.0,21635.0,102133.33333333336,92133.00000000001,98614.33333333337
182,101359.33333333333,23450.000000000004,108856.66666666672,100597.99999999997,78500.66666666666
183,105905.66666666666,20128.66666666667,101510.33333333328,93762.00000000001,96854.33333333331
184,108996.66666666667,22019.333333333336,107007.66666666661,86195.0,103988.33333333336
185,95568.6666666667,23054.333333333343,89853.00000000001,99475.00000000004,62815.33333333332
186,107477.00000000001,23315.333333333336,91923.66666666664,78079.33333333331,77889.66666666669
187,101133.66666666666,23850.66666666667,92356.00000000003,104513.33333333324,102385.00000000001
188,105822.0,21636.333333333343,106209.0,77934.66666666667,99801.00000000003
189,107034.33333333336,22722.333333333336,107276.6666666667,93571.66666666666,86129.33333333337
190,106314.66666666664,22444.000000000007,103316.66666666673,108067.00000000001,96761.99999999997
191,105345.0,21726.66666666667,104931.33333333331,104375.99999999996,102589.33333333334
192,104508.66666666667,23620.66666666667,100176.33333333337,103703.0,94545.33333333336
193,108677.66666666667,22626.33333333334,95108.33333333331,101887.66666666666,73231.00000000003
194,106040.33333333333,24182.333333333343,108781.6666666666,94005.99999999999,103623.66666666669
195,108075.33333333333,19891.000000000004,104997.99999999999,99413.0,97737.33333333333
196,102634.00000000007,21942.666666666668,98953.33333333334,94087.66666666672,93946.33333333333
197,104639.66666666669,23807.000000000004,107331.33333333336,105471.00000000001,91020.0
198,98613.33333333334,21365.666666666675,104105.99999999996,102526.0,96394.99999999999
199,106608.3333333334,21719.000000000004,111108.00000000003,109449.33333333336,79042.0
200,99574.00000000006,23389.33333333334,105921.66666666663,105838.99999999999,105385.33333333333
201,88168.0,23100.666666666668,97258.6666666667,102767.33333333333,88115.00000000003
202,104886.66666666667,19876.000000000004,98947.33333333333,84085.66666666666,100271.66666666672
203,99875.0,22260.33333333334,102875.33333333339,86238.66666666666,98512.66666666667
204,100293.00000000001,23517.333333333343,109007.0,101464.66666666667,93384.33333333337
205,108320.66666666669,21713.000000000007,103328.0,92371.00000000003,95896.66666666669
206,101660.33333333334,21046.666666666668,105450.3333333333,99426.00000000003,93714.66666666669
207,107737.00000000001,24159.000000000004,102574.33333333333,96042.33333333334,93755.33333333333
208,103833.6666666667,22536.666666666675,93747.0,104439.33333333331,103071.66666666667
209,106012.99999999997,23107.00000000001,108156.99999999996,108057.66666666667,103375.66666666666
210,99077.33333333334,21694.000000000007,99897.00000000004,88171.6666666667,75888.33333333333
211,109265.00000000004,22192.66666666667,110742.6666666667,97295.33333333337,90009.6666666667
212,109431.00000000001,25210.33333333334,105589.99999999996,102413.99999999999,102376.00000000004
213,105541.33333333336,23627.000000000004,97309.66666666669,72286.33333333334,82730.33333333336
214,110336.33333333339,21930.66666666667,102572.99999999996,108198.66666666667,102142.33333333333
215,92408.33333333336,24033.0,109406.99999999999,92810.33333333334,102839.66666666667
216,100924.99999999999,24001.666666666675,108513.3333333334,105894.0,94129.66666666666
217,97326.99999999999,22501.000000000004,95972.3333333333,107141.33333333331,99405.33333333339
218,104915.33333333334,20950.000000000007,103412.66666666666,95020.33333333331,77854.66666666667
219,107976.66666666667,23077.666666666675,100604.33333333333,102874.33333333333,81867.0
220,106189.33333333337,24657.0,104944.00000000003,87978.33333333331,65597.33333333337
221,104450.33333333333,26228.000000000004,107571.00000000003,98422.66666666666,98008.00000000003
222,104816.00000000001,22225.000000000007,99478.66666666667,99414.6666666667,76280.00000000003
223,103556.0,22768.33333333334,107788.66666666663,74876.33333333336,76746.66666666666
224,109145.33333333337,23346.000000000004,100903.66666666666,99269.66666666667,96439.00000000001
225,105130.33333333337,23375.000000000015,100136.33333333331,90545.66666666669,98159.0
226,106666.00000000001,23825.000000000007,99410.66666666663,104029.66666666666,100899.00000000003
227,106637.0,22755.000000000004,105703.99999999994,96802.33333333337,95167.66666666672
228,104717.66666666664,21570.66666666667,100236.66666666669,101361.33333333333,95848.66666666664
229,103731.33333333337,23113.66666666667,92292.66666666667,101517.33333333331,93674.66666666667
230,98875.33333333334,25429.000000000004,94836.66666666664,92033.33333333333,93919.66666666667
231,101785.00000000006,23560.333333333336,105294.00000000003,91246.99999999999,91726.0
232,103697.33333333337,23312.333333333343,81837.66666666669,68158.66666666667,106594.33333333337
233,97222.00000000004,22196.666666666668,105446.0,98385.33333333334,72464.6666666667
234,104068.99999999997,22098.666666666668,104350.66666666666,100708.6666666666,98285.66666666667
235,97895.6666666667,23668.333333333332,108468.66666666669,93597.6666666667,84700.66666666667
236,102061.0,22993.666666666668,101566.3333333333,91431.33333333334,98832.6666666667
237,108465.66666666663,22296.000000000004,103125.00000000004,103639.66666666667,105793.00000000004
238,102645.00000000001,22337.33333333334,102565.00000000003,102962.0,88965.33333333331
239,104475.00000000004,24038.333333333336,103099.33333333333,101275.3333333333,94841.0
240,108021.6666666667,22059.333333333336,100863.66666666667,102724.99999999999,96812.6666666667
241,104744.00000000004,24290.333333333336,103415.66666666673,101871.66666666667,78337.33333333333
242,104793.33333333336,22159.66666666668,99408.66666666664,98591.6666666667,102344.33333333334
243,108065.66666666669,22992.000000000007,87217.00000000003,77060.33333333333,90682.33333333331
244,100293.66666666667,23474.00000000001,106868.00000000001,103171.33333333331,102550.66666666666
245,105037.00000000001,22963.000000000007,105665.66666666672,100293.99999999999,91026.66666666672
246,106421.99999999999,22854.000000000004,108485.99999999996,96103.66666666666,86759.33333333333
247,102847.66666666669,22726.333333333343,105795.66666666667,104282.33333333336,97567.3333333333
248,99977.0,24433.666666666675,100249.3333333333,101112.33333333333,101138.0
249,107639.66666666666,21257.66666666668,96535.0,105796.33333333334,91579.0
250,108489.0,23455.66666666667,93758.99999999999,95695.33333333337,100347.99999999999
251,103934.33333333331,24003.66666666667,108897.66666666669,89541.33333333333,96286.00000000001
252,98524.66666666663,24612.66666666667,101228.33333333331,105134.33333333334,96181.33333333334
253,105044.66666666667,23645.000000000007,96131.66666666669,96545.66666666667,101425.00000000003
254,108475.66666666669,22248.33333333334,99599.66666666667,99770.66666666669,100698.0
255,101152.66666666667,22420.333333333343,90970.66666666666,93385.33333333336,80557.33333333336
256,107359.66666666666,22886.000000000007,100599.66666666663,103291.33333333339,78227.33333333336
257,96237.33333333342,22418.33333333334,96413.00000000003,103388.6666666667,99462.33333333333
258,95068.0,24242.000000000004,95346.0,91589.66666666667,98379.66666666667
259,104060.66666666669,23877.000000000007,108995.66666666669,104171.99999999999,91920.66666666669
260,101496.99999999999,22935.333333333336,110476.33333333331,90859.66666666667,102356.66666666669
261,103738.00000000003,22676.33333333334,103379.66666666667,108484.0,102924.33333333333
262,103510.33333333331,21608.666666666675,70464.33333333334,105351.00000000001,103402.66666666672
263,105325.00000000001,22029.666666666675,99942.33333333336,102715.00000000003,91005.66666666672
264,108004.0,22770.666666666675,99170.66666666669,91970.33333333336,106307.33333333333
265,107449.00000000001,22665.000000000007,102062.33333333333,98787.66666666667,99134.00000000004
266,100397.33333333336,22626.666666666668,98631.6666666667,96150.66666666672,106388.66666666667
267,102111.33333333333,22040.000000000004,105423.33333333336,101130.99999999996,85657.66666666666
268,84883.0,22843.33333333334,92488.66666666667,105436.66666666669,101745.66666666667
269,98951.66666666664,22434.999999999996,105903.33333333333,102022.0,85673.0
270,105995.33333333337,22735.33333333334,94739.33333333334,90849.00000000003,100958.6666666667
271,109962.0,21085.000000000007,103919.00000000001,95240.66666666667,77600.33333333334
272,104525.0,23022.000000000004,98586.33333333336,104814.33333333334,99879.33333333333
273,104457.33333333333,23643.333333333336,104464.33333333334,107076.33333333334,101513.66666666664
274,107331.66666666669,23739.00000000001,97570.33333333334,87727.00000000004,91273.66666666667
275,99003.33333333333,23600.666666666675,86142.00000000003,105456.99999999999,73289.66666666667
276,100545.66666666663,22123.00000000001,94759.33333333337,104499.33333333333,98845.00000000003
277,105674.0,23331.333333333332,105241.66666666667,105509.66666666666,100625.66666666666
278,100049.6666666667,23298.000000000004,100275.3333333333,101172.33333333331,96410.6666666667
279,85848.33333333336,22738.333333333336,102891.00000000003,98034.00000000001,92430.00000000001
280,106328.0,22817.33333333334,97873.33333333328,104193.00000000003,104218.66666666667
281,97551.66666666667,23333.66666666667,108764.33333333336,102232.33333333334,101696.33333333339
282,105395.99999999997,22791.333333333343,94435.33333333336,97219.33333333336,95762.99999999999
283,100956.6666666667,22771.66666666667,104691.33333333333,98312.33333333334,96880.33333333333
284,105737.6666666667,24121.333333333336,102706.00000000001,100143.33333333336,98400.33333333334
285,106569.00000000003,23435.66666666667,115772.00000000004,101482.6666666667,82643.0
286,111007.00000000004,22215.000000000007,101285.33333333333,99255.33333333337,99751.66666666673
287,108384.00000000003,22998.999999999996,104622.6666666667,98898.66666666663,104685.0
288,104335.33333333334,23882.000000000007,107731.66666666666,100675.0,75960.00000000003
289,101888.33333333336,22596.333333333343,94898.00000000003,97947.00000000003,96244.00000000004
290,101728.00000000001,22673.000000000004,100715.33333333334,100368.66666666667,104432.66666666667
291,103898.66666666667,22640.333333333336,105246.66666666666,102708.0,94620.0
292,105189.66666666666,19851.666666666664,100927.6666666667,81890.0,101951.33333333336
293,105428.0,22840.0,99849.33333333337,99483.33333333336,100031.6666666667
294,106964.3333333333,21119.66666666668,101493.33333333334,100111.00000000006,95019.00000000001
295,106028.66666666669,24361.333333333336,95173.00000000001,102818.33333333334,105152.33333333331
296,101569.33333333333,23718.66666666667,110012.33333333334,93977.33333333337,87706.66666666667
297,105197.00000000004,21293.66666666667,90792.0,109509.33333333339,83858.33333333336
298,109424.33333333336,25451.000000000007,106474.66666666666,109216.66666666672,100347.99999999997
299,106660.00000000004,21321.000000000004,95879.00000000003,108845.0,94097.3333333333
300,104715.3333333334,24230.66666666667,104079.33333333333,107792.66666666674,92779.00000000006
301,109052.6666666667,21242.66666666667,96984.99999999999,84941.00000000003,88713.00000000001
302,106424.66666666669,21637.33333333334,88226.00000000003,102079.33333333337,84858.33333333336
303,103461.66666666667,22768.0,106767.00000000004,106600.0,90002.66666666666
304,109781.66666666667,22059.000000000007,100385.33333333339,97430.00000000004,98583.33333333334
305,103886.33333333336,23478.000000000007,109157.33333333331,100426.66666666664,98340.33333333333
306,100173.33333333333,24110.66666666668,102220.66666666664,105094.33333333337,101603.33333333333
307,105152.33333333336,22659.333333333336,85166.33333333331,103127.0,99456.33333333333
308,110001.00000000004,24464.333333333343,73427.0,94109.66666666672,97960.66666666667
309,107828.0,22383.333333333336,104372.99999999996,104770.33333333333,97883.00000000003
310,103904.33333333333,21759.666666666668,108377.99999999999,94755.00000000004,101926.33333333333
311,103767.00000000003,22378.666666666675,97832.0,88116.00000000003,95007.33333333336
312,103814.66666666666,21595.666666666675,98008.6666666667,103463.66666666666,97648.99999999999
313,107786.66666666666,23851.000000000007,104174.66666666672,101451.33333333333,79784.00000000003
314,103286.33333333327,23018.000000000007,97559.00000000006,98622.00000000006,104195.99999999997
315,101110.3333333333,23020.33333333334,109325.00000000004,98712.00000000003,81077.0
316,103518.33333333337,22953.66666666667,108993.66666666664,102894.33333333334,99001.66666666667
317,99316.66666666667,20186.333333333336,92702.6666666667,104041.00000000001,106131.99999999999
318,105033.0,23587.66666666668,78786.99999999999,97682.66666666667,80877.33333333336
319,93106.6666666667,21648.666666666675,102530.00000000003,101351.33333333334,89654.0
320,107830.00000000006,22514.666666666675,101556.00000000004,105891.33333333333,99941.66666666672
321,103197.66666666664,23014.666666666664,97210.00000000003,95878.33333333334,103661.99999999996
322,107135.00000000003,22673.66666666668,102017.00000000001,104161.33333333333,96332.99999999999
323,105849.33333333336,24496.66666666667,101135.66666666667,104118.0,74010.0
324,106470.0,24382.00000000001,105229.3333333333,102927.99999999999,72266.66666666667
325,104353.66666666667,23203.333333333332,95521.00000000004,102525.0,83615.00000000001
326,105166.99999999999,21983.66666666667,104200.33333333333,104189.33333333337,100263.00000000004
327,104609.33333333336,18064.66666666667,108865.3333333334,86022.00000000003,73406.0
328,101513.33333333336,22626.000000000007,104698.66666666667,94216.66666666669,97869.33333333331
329,107214.0,21188.333333333343,100954.6666666667,95710.00000000004,101745.33333333333
330,105988.66666666669,22698.666666666675,103038.33333333331,102567.33333333334,57012.000000000015
331,100418.33333333337,24402.333333333347,99505.66666666664,90702.33333333336,100065.66666666669
332,103444.33333333334,20580.000000000007,104686.33333333333,99017.33333333334,91425.0
333,111149.33333333334,22217.66666666667,87758.0,98802.00000000001,74805.33333333334
334,106626.00000000001,22855.66666666668,89206.6666666667,95617.0,89302.66666666664
335,99638.00000000004,23280.66666666667,100544.00000000006,99511.00000000001,100148.33333333331
336,105169.99999999999,23618.66666666667,96835.66666666666,103180.00000000007,96753.0
337,107273.66666666672,23186.66666666667,103294.33333333333,105211.00000000001,86143.66666666667
338,105607.0,25502.000000000007,102616.99999999997,85332.99999999999,93711.33333333334
339,108455.99999999999,22716.66666666668,101660.00000000006,97722.6666666667,90987.00000000001
340,109770.33333333331,23191.66666666667,83819.3333333333,98966.66666666669,93291.3333333334
341,104569.00000000004,24080.33333333334,100972.00000000003,68146.66666666669,64483.66666666667
342,108602.00000000001,23389.333333333343,108576.33333333337,97445.6666666667,58296.00000000003
343,107066.3333333333,23702.33333333334,99085.00000000004,108014.00000000003,93295.66666666666
344,102035.33333333331,23825.666666666675,94953.6666666667,106161.66666666667,104308.0
345,102040.99999999999,22161.66666666667,91686.33333333331,93310.00000000003,99037.33333333331
346,100307.99999999999,23704.33333333334,108002.00000000003,97624.33333333336,107682.0
347,110065.0,23493.33333333334,104102.33333333333,103021.66666666673,100196.66666666669
348,101623.00000000003,23594.333333333343,89948.66666666669,103556.66666666667,103691.66666666666
349,105482.33333333331,22300.0,88031.33333333334,68163.33333333334,99993.0
350,105182.66666666669,21616.666666666668,101370.33333333331,71357.99999999999,101000.33333333331
351,109181.66666666666,23893.666666666675,105669.00000000001,92023.66666666672,102738.00000000001
352,105983.33333333336,22167.66666666667,103923.99999999997,95330.66666666669,99614.33333333337
353,95307.66666666666,22556.33333333334,106078.0,85404.33333333337,68384.33333333336
354,107426.66666666672,23274.666666666668,97582.66666666666,104110.33333333336,93286.99999999999
355,102466.00000000001,21664.000000000007,101949.00000000004,104288.99999999999,101877.00000000001
356,101638.33333333333,23374.333333333336,105975.99999999999,74873.6666666667,97615.33333333337
357,102218.33333333336,24327.666666666675,95327.33333333331,95015.33333333336,92478.33333333337
358,100968.33333333328,24081.66666666667,101544.00000000001,80168.66666666667,93133.3333333333
359,108112.00000000003,20966.000000000007,98793.66666666669,96279.66666666672,101039.33333333331
360,100057.33333333339,22724.66666666667,89963.99999999999,104828.0,67759.00000000004
361,108639.00000000001,21347.33333333334,98005.0,106614.6666666667,91661.99999999997
362,104847.33333333334,22432.333333333336,103898.33333333337,102623.33333333333,101239.00000000003
363,100699.00000000004,22743.33333333334,104771.99999999997,88211.33333333336,101371.00000000003
364,105353.00000000004,21069.33333333334,97811.33333333334,97966.99999999999,99426.33333333328
365,103932.33333333333,23984.66666666667,105141.33333333331,106047.00000000001,89513.99999999997
366,108047.66666666666,23609.333333333336,92942.66666666667,78708.33333333334,98722.33333333331
367,108665.33333333331,22736.333333333343,86212.66666666667,71948.33333333337,87513.66666666672
368,97219.33333333331,23904.666666666675,102092.33333333334,104720.33333333333,91774.6666666667
369,102429.99999999999,23431.33333333335,84575.33333333339,90097.66666666666,100674.99999999999
370,102633.66666666669,22885.0,96523.00000000001,72308.00000000001,92475.00000000006
371,107677.33333333336,21136.000000000007,109457.0,95152.66666666666,85757.66666666667
372,95020.33333333333,22659.333333333343,107553.66666666667,98506.99999999997,97141.66666666666
373,106382.99999999999,22897.00000000001,94129.33333333334,103650.66666666664,95637.66666666669
374,102888.33333333334,22388.000000000004,80677.99999999997,99293.33333333333,106140.66666666661
375,106404.33333333331,23419.666666666675,96234.00000000003,105134.33333333334,96295.33333333334
376,106288.66666666667,21096.333333333343,98915.66666666669,83330.0,100937.66666666667
377,103816.66666666664,24450.666666666675,93290.0,102155.0,92735.6666666667
378,106908.33333333337,23817.000000000007,100137.66666666666,97354.33333333336,78350.33333333339
379,106098.33333333334,22879.333333333332,108641.33333333337,75022.00000000001,100347.00000000004
380,101508.33333333334,22597.666666666675,99531.99999999997,103441.00000000001,94335.33333333333
381,106244.00000000004,22708.333333333343,103578.00000000001,94022.33333333334,78934.0
382,105404.66666666673,23534.66666666667,99062.00000000004,92870.66666666667,85860.00000000001
383,104230.0,22118.666666666675,98724.3333333333,100281.33333333339,86542.00000000003
384,107245.0,21513.000000000007,106301.66666666669,97499.00000000003,102497.00000000004
385,104031.33333333331,22784.33333333334,93573.66666666667,104837.33333333334,105689.00000000001
386,108870.99999999997,24773.000000000007,96578.33333333328,87867.33333333336,103741.66666666664
387,100769.33333333336,22172.33333333334,102131.00000000006,104523.33333333336,90923.0
388,108279.33333333339,21814.33333333334,107276.66666666667,100983.33333333334,91268.66666666669
389,106561.66666666666,23638.66666666667,107236.0,93085.66666666667,100396.33333333336
390,106384.99999999999,23821.000000000004,96390.66666666672,97989.00000000003,83209.33333333336
391,101455.0,21415.666666666668,95357.99999999997,96256.33333333336,108995.33333333333
392,107307.6666666667,22910.666666666675,103886.33333333331,100233.66666666667,100074.66666666666
393,107613.33333333331,23904.33333333334,99560.99999999997,106239.00000000001,72161.66666666664
394,94581.66666666666,24005.333333333343,101458.00000000001,100605.66666666667,99332.33333333337
395,103791.33333333333,21676.666666666668,91267.66666666672,92194.66666666669,100810.0
396,107517.6666666667,24258.000000000004,102238.66666666667,87593.00000000001,92238.66666666669
397,96380.33333333333,23559.0,106132.33333333336,98571.00000000001,100818.33333333336
398,104761.66666666666,21971.666666666675,94392.00000000001,100124.99999999997,90016.33333333334
399,105873.00000000003,24085.666666666675,99174.00000000001,90499.33333333336,94706.66666666672
400,107843.33333333339,23192.666666666675,104323.33333333334,98584.6666666667,89218.66666666669
401,103129.0,23758.666666666668,100952.33333333333,104019.99999999999,86416.66666666669
402,106804.0,24829.666666666675,100022.3333333333,89375.66666666664,83865.66666666663
403,108694.00000000001,21671.66666666667,102310.33333333334,85810.66666666669,104894.0
404,100983.33333333336,22820.33333333334,101507.66666666669,97126.33333333336,98609.66666666672
405,107758.66666666667,22417.333333333332,99407.66666666669,77932.33333333333,99541.66666666666
406,107764.33333333336,23758.66666666667,106659.66666666666,108214.66666666674,80456.99999999996
407,109553.66666666664,23385.333333333343,103301.6666666667,105265.66666666664,79991.00000000001
408,106601.66666666666,24437.333333333343,101228.00000000004,101457.99999999999,89804.33333333334
409,107061.66666666664,22984.333333333343,90700.00000000003,97208.99999999996,101882.99999999999
410,97983.6666666667,24456.000000000004,106767.66666666669,102620.66666666669,104102.99999999997
411,102062.66666666664,22684.000000000004,105461.33333333339,101403.66666666667,103754.33333333333
412,108093.33333333334,24055.000000000004,84197.66666666666,99690.33333333342,99001.33333333333
413,108386.66666666664,20220.33333333334,107371.99999999997,81240.33333333334,93643.33333333333
414,88970.66666666666,24825.000000000007,107333.00000000001,76507.66666666667,92958.00000000001
415,101438.33333333337,22348.000000000007,108635.66666666666,93799.6666666667,98494.66666666664
416,106435.33333333334,23449.000000000004,89276.66666666672,89737.33333333336,96423.33333333336
417,104114.33333333337,23470.000000000007,102978.0,90647.66666666667,92334.00000000003
418,104114.33333333339,22593.666666666668,98014.66666666667,90569.66666666666,93501.66666666663
419,103613.66666666664,22194.33333333334,94547.66666666664,108138.6666666667,106635.33333333339
420,108236.66666666666,23361.666666666675,108928.66666666667,96253.99999999999,99440.0
421,107539.33333333336,21621.000000000004,105362.66666666666,78572.33333333336,83793.66666666667
422,102008.66666666667,22185.333333333343,100900.33333333334,102964.66666666672,94826.00000000003
423,101619.66666666669,21894.33333333334,103963.0,92341.33333333333,92924.33333333333
424,106122.66666666667,22388.000000000007,92799.00000000001,100967.00000000006,104193.66666666667
425,106306.66666666667,22776.000000000004,72319.33333333339,104366.3333333333,97231.00000000001
426,106066.66666666672,25422.66666666667,97064.33333333333,103689.33333333339,83508.33333333333
427,102371.66666666667,25302.000000000007,85293.99999999997,101601.33333333336,101393.66666666664
428,109796.33333333337,23957.000000000007,97266.33333333334,98178.66666666672,101715.0
429,104954.33333333334,21647.000000000007,93722.33333333336,102733.66666666666,98158.0
430,101844.33333333334,24016.666666666668,102843.33333333331,102096.0,90596.99999999997
431,104909.66666666664,23578.000000000004,104010.99999999997,101679.0,97337.33333333333
432,103319.66666666664,23781.33333333334,99243.00000000003,98835.66666666663,101331.3333333333
433,97176.00000000001,21071.66666666667,99816.33333333334,76050.33333333336,98310.33333333337
434,100480.00000000001,23523.333333333347,102562.00000000003,99403.66666666667,99828.6666666667
435,93726.33333333331,22661.333333333336,107369.99999999996,104063.66666666666,84002.66666666666
436,99230.33333333334,23039.333333333336,100467.3333333334,99513.00000000007,83125.0
437,99591.66666666669,21449.33333333334,92036.00000000001,105937.66666666667,103258.66666666667
438,103705.33333333334,21955.000000000007,109036.99999999999,102455.33333333336,96811.66666666672
439,108060.99999999996,21419.00000000001,105329.33333333336,103567.6666666667,105105.99999999996
440,103604.33333333334,21946.666666666675,103966.33333333334,110557.00000000001,86188.33333333331
441,106111.33333333334,22181.000000000007,101950.66666666669,66483.33333333336,89551.00000000003
442,106543.33333333337,21920.33333333334,97612.00000000004,94639.66666666666,97536.33333333336
443,106357.33333333333,23519.666666666675,100368.33333333334,109437.99999999997,106909.33333333333
444,104542.66666666664,24250.33333333334,107663.66666666672,94345.00000000003,73943.00000000001
445,105256.66666666667,22943.333333333332,100690.00000000001,58463.66666666666,108516.33333333331
446,103572.33333333336,22259.333333333343,102089.0,103354.33333333336,87587.33333333333
447,108909.0,22471.33333333334,102966.66666666666,94688.33333333333,59330.00000000003
448,108390.00000000001,22613.333333333343,102460.33333333331,102549.0,103170.66666666673
449,104673.66666666667,23860.333333333336,106656.66666666669,105387.33333333333,93393.66666666669
450,103971.99999999999,21992.000000000007,105197.33333333333,95038.33333333339,94032.33333333336
451,103107.00000000003,21583.66666666667,104603.00000000003,100513.66666666669,105216.99999999999
452,110698.33333333334,21969.33333333334,106849.00000000001,97649.66666666666,93984.66666666667
453,103943.33333333331,25340.333333333343,99336.99999999997,70199.00000000003,100122.66666666666
454,99919.00000000004,21557.66666666667,102695.66666666667,103971.33333333334,91713.66666666672
455,106590.66666666672,23206.333333333336,101611.66666666669,90593.99999999996,100538.0
456,108265.0,22323.66666666667,88907.6666666667,105484.00000000001,96280.33333333334
457,106877.66666666666,20486.66666666667,98415.66666666666,98649.66666666669,95770.66666666667
458,99180.33333333334,22303.000000000007,105230.66666666666,86839.33333333333,91841.33333333334
459,105617.00000000003,22612.666666666675,105150.33333333333,99063.66666666672,103200.66666666666
460,110276.0,24829.000000000004,103962.3333333333,106078.0,81995.00000000001
461,107697.66666666673,23386.33333333334,101013.3333333334,105136.0,89528.66666666669
462,101995.00000000001,23066.000000000007,98997.66666666667,107963.33333333337,98142.33333333337
463,104758.66666666666,23716.666666666668,102175.66666666669,97586.66666666667,99683.66666666667
464,110197.33333333333,22490.000000000007,105260.33333333333,87681.33333333334,98204.3333333333
465,97116.33333333334,21541.000000000004,97023.66666666669,103845.00000000001,101063.00000000004
466,98365.33333333336,21693.66666666667,93134.33333333333,61999.333333333365,102184.6666666667
467,109200.00000000001,24609.666666666675,90741.3333333334,97700.33333333336,71791.66666666667
468,105669.66666666667,23648.000000000004,104676.33333333336,105121.66666666664,90075.6666666667
469,106994.00000000004,20551.000000000004,97872.0,98272.99999999997,105385.33333333334
470,94801.0,22833.333333333336,100654.0,101564.33333333336,102142.0
471,106143.66666666672,23276.33333333334,104784.66666666674,103746.66666666663,95562.66666666672
472,110211.99999999997,24394.66666666667,107299.99999999996,102074.66666666667,99312.66666666672
473,101823.33333333336,25009.33333333334,92778.66666666667,99773.00000000001,73392.00000000003
474,100719.00000000001,23196.333333333336,97807.33333333334,99388.0,94684.33333333334
475,109502.33333333333,22121.333333333336,102597.00000000001,89339.00000000003,81315.6666666667
476,95091.33333333334,25658.66666666667,99829.33333333333,78442.0,79109.99999999999
477,103499.0,22712.000000000004,107866.99999999999,97800.33333333336,102308.33333333334
478,101298.33333333337,22448.000000000004,105670.66666666664,99762.33333333336,96637.33333333333
479,106356.33333333331,21439.33333333334,112131.66666666669,102617.0,99662.66666666664
480,109262.66666666667,23378.666666666664,101209.0,105557.00000000003,90539.00000000001
481,110185.3333333334,23255.333333333343,102999.33333333337,100427.0,103219.0
482,96983.00000000003,22209.000000000004,100145.0,97579.00000000003,93622.66666666666
483,102307.66666666669,22532.000000000004,97141.33333333337,100381.66666666666,90773.6666666667
484,105473.66666666661,24985.333333333343,102813.00000000001,102946.00000000004,90595.3333333333
485,102921.00000000001,25130.333333333343,104011.00000000001,84605.33333333331,95921.0
486,101494.33333333333,20375.666666666675,100893.66666666667,86747.66666666669,99235.66666666667
487,101540.0,21375.66666666667,98053.33333333334,104875.0,73212.00000000006
488,105058.66666666661,22975.0,103362.33333333333,101087.66666666669,98715.33333333334
489,107944.33333333331,22379.666666666668,100314.0,96784.33333333333,106301.00000000001
490,107112.33333333334,22781.33333333334,85410.99999999999,106556.33333333331,98268.33333333336
491,105654.00000000001,24067.33333333334,91041.3333333333,94923.00000000001,93438.66666666669
492,99906.33333333336,21903.33333333334,96168.66666666666,73689.0,79400.00000000004
493,106590.33333333333,22960.00000000001,102886.33333333333,102508.33333333333,101966.66666666667
494,100261.66666666669,22541.33333333334,97711.33333333337,87586.66666666669,98161.00000000004
495,107775.66666666667,24085.33333333334,93631.33333333334,95070.33333333336,98816.3333333333
496,107800.66666666669,22768.000000000007,97790.66666666667,98571.66666666667,82595.33333333334
497,106244.00000000001,21972.000000000004,97755.33333333337,103804.33333333334,93118.33333333336
498,94617.6666666667,22533.666666666675,106000.66666666664,97869.33333333334,93969.6666666667
499,109300.66666666667,21704.666666666675,82284.66666666667,88246.00000000001,105465.00000000001
